{
  "tickers": [
    "AAPL",
    "AMZN",
    "MSFT",
    "GOOG",
    "TSLA",
    "NVDA",
    "META"
  ],
  "ticker_to_id": {
    "AAPL": 0,
    "AMZN": 1,
    "MSFT": 2,
    "GOOG": 3,
    "TSLA": 4,
    "NVDA": 5,
    "META": 6
  },
  "results": {
    "AAPL": {
      "RMSE": 0.01854136662541369,
      "MAE": 0.012051139786066607,
      "DirectionalAcc": 53.116531165311656
    },
    "AMZN": {
      "RMSE": 0.02075924912289264,
      "MAE": 0.014979168461074735,
      "DirectionalAcc": 53.387533875338754
    },
    "MSFT": {
      "RMSE": 0.01652765439980819,
      "MAE": 0.011115902859201703,
      "DirectionalAcc": 51.76151761517615
    },
    "GOOG": {
      "RMSE": 0.019730062610861954,
      "MAE": 0.014299060552602263,
      "DirectionalAcc": 52.574525745257446
    },
    "TSLA": {
      "RMSE": 0.036466188914406214,
      "MAE": 0.0271145421853735,
      "DirectionalAcc": 50.67750677506775
    },
    "NVDA": {
      "RMSE": 0.02880878403778506,
      "MAE": 0.020365006040705323,
      "DirectionalAcc": 53.65853658536586
    },
    "META": {
      "RMSE": 0.02378703776395215,
      "MAE": 0.016240765928498695,
      "DirectionalAcc": 51.490514905149055
    }
  }
}