{
  "tickers": [
    "AAPL",
    "MSFT",
    "AMZN"
  ],
  "ticker_to_id": {
    "AAPL": 0,
    "MSFT": 1,
    "AMZN": 2
  },
  "results": {
    "AAPL": {
      "RMSE": 0.018495217915371953,
      "MAE": 0.01197886725548949,
      "DirectionalAcc": 53.387533875338754
    },
    "MSFT": {
      "RMSE": 0.01647585094416486,
      "MAE": 0.011053040374497464,
      "DirectionalAcc": 52.30352303523035
    },
    "AMZN": {
      "RMSE": 0.020706356016128014,
      "MAE": 0.014949304029146179,
      "DirectionalAcc": 53.65853658536586
    }
  }
}